site,cancer,edited,p50,tn
11,27,0.0026666666666666666,0.0714,True
1,15,0.001890359168241966,0.1000,True
9,2,0.0024509803921568627,0.0909,True
17,2,0.0024509803921568627,0.1818,True
7,3,0.0009066183136899365,0.1000,True
15,9,0.005952380952380952,0.4545,True
5,9,0.005952380952380952,0.5000,True
13,27,0.0026666666666666666,0.0833,True
3,27,0.0026666666666666666,0.0909,True
