site,cancer,edited,p50
3,27,0.0026666666666666666,0.0714
7,15,0.001890359168241966,0.1000
2,2,0.0024509803921568627,0.0909
6,2,0.0024509803921568627,0.1818
1,3,0.0009066183136899365,0.1000
5,9,0.005952380952380952,0.4545
9,9,0.005952380952380952,0.5000
4,27,0.0026666666666666666,0.0833
8,27,0.0026666666666666666,0.0909
