site,cancer,edited,p50
2,27,0.0026666666666666666,0.0625
6,27,0.0026666666666666666,0.7500
10,27,0.0026666666666666666,0.3125
5,27,0.0026666666666666666,0.0588
9,27,0.0026666666666666666,0.1429
4,27,0.0026666666666666666,0.1765
8,27,0.0026666666666666666,0.0714
3,8,0.006172839506172839,0.0909
7,15,0.001890359168241966,0.1000
1,15,0.001890359168241966,0.1818
