site,cancer,edited,p50,tn
13,27,0.0026666666666666666,0.0625,True
1,27,0.0026666666666666666,0.7500,True
9,27,0.0026666666666666666,0.3125,True
19,27,0.0026666666666666666,0.0588,True
7,27,0.0026666666666666666,0.1429,True
17,27,0.0026666666666666666,0.1765,True
5,27,0.0026666666666666666,0.0714,True
15,8,0.006172839506172839,0.0909,True
3,15,0.001890359168241966,0.1000,True
11,15,0.001890359168241966,0.1818,True
