site,cancer,edited,p50
8,27,0.0026666666666666666,0.0714
3,15,0.001890359168241966,0.1000
7,2,0.0024509803921568627,0.0909
2,2,0.0024509803921568627,0.1818
6,3,0.0009066183136899365,0.1000
1,9,0.005952380952380952,0.4545
5,9,0.005952380952380952,0.5000
9,27,0.0026666666666666666,0.0833
4,27,0.0026666666666666666,0.0909
